{
  "Logistic Regression": {
    "fpr": [
      0.0,
      0.0,
      0.0,
      0.03773584905660377,
      0.03773584905660377,
      0.07547169811320754,
      0.07547169811320754,
      0.09433962264150944,
      0.09433962264150944,
      0.1320754716981132,
      0.1320754716981132,
      0.18867924528301888,
      0.18867924528301888,
      0.22641509433962265,
      0.22641509433962265,
      0.2641509433962264,
      0.2641509433962264,
      0.5471698113207547,
      0.5471698113207547,
      0.9245283018867925,
      0.9245283018867925,
      1.0
    ],
    "tpr": [
      0.0,
      0.038461538461538464,
      0.5384615384615384,
      0.5384615384615384,
      0.6538461538461539,
      0.6538461538461539,
      0.6923076923076923,
      0.6923076923076923,
      0.7307692307692307,
      0.7307692307692307,
      0.7692307692307693,
      0.7692307692307693,
      0.8076923076923077,
      0.8076923076923077,
      0.8846153846153846,
      0.8846153846153846,
      0.9230769230769231,
      0.9230769230769231,
      0.9615384615384616,
      0.9615384615384616,
      1.0,
      1.0
    ],
    "auc": 0.8926
  },
  "KNN": {
    "fpr": [
      0.0,
      0.0,
      0.0,
      0.018867924528301886,
      0.018867924528301886,
      0.03773584905660377,
      0.03773584905660377,
      0.05660377358490566,
      0.05660377358490566,
      0.09433962264150944,
      0.09433962264150944,
      0.1320754716981132,
      0.1320754716981132,
      0.16981132075471697,
      0.16981132075471697,
      0.18867924528301888,
      0.18867924528301888,
      0.20754716981132076,
      0.20754716981132076,
      0.2830188679245283,
      0.2830188679245283,
      0.33962264150943394,
      0.33962264150943394,
      0.5849056603773585,
      0.5849056603773585,
      0.7169811320754716,
      1.0
    ],
    "tpr": [
      0.0,
      0.038461538461538464,
      0.07692307692307693,
      0.07692307692307693,
      0.19230769230769232,
      0.19230769230769232,
      0.23076923076923078,
      0.23076923076923078,
      0.38461538461538464,
      0.38461538461538464,
      0.46153846153846156,
      0.46153846153846156,
      0.5384615384615384,
      0.5384615384615384,
      0.7692307692307693,
      0.7692307692307693,
      0.8076923076923077,
      0.8076923076923077,
      0.8461538461538461,
      0.8461538461538461,
      0.8846153846153846,
      0.8846153846153846,
      0.9230769230769231,
      0.9230769230769231,
      0.9615384615384616,
      0.9615384615384616,
      1.0
    ],
    "auc": 0.8364
  },
  "SVM": {
    "fpr": [
      0.0,
      0.0,
      0.0,
      0.018867924528301886,
      0.018867924528301886,
      0.03773584905660377,
      0.03773584905660377,
      0.05660377358490566,
      0.05660377358490566,
      0.07547169811320754,
      0.07547169811320754,
      0.1509433962264151,
      0.1509433962264151,
      0.18867924528301888,
      0.18867924528301888,
      0.2641509433962264,
      0.2641509433962264,
      0.2830188679245283,
      0.2830188679245283,
      0.3018867924528302,
      0.3018867924528302,
      0.32075471698113206,
      0.32075471698113206,
      0.5849056603773585,
      0.5849056603773585,
      0.8679245283018868,
      0.8679245283018868,
      1.0
    ],
    "tpr": [
      0.0,
      0.038461538461538464,
      0.4230769230769231,
      0.4230769230769231,
      0.5,
      0.5,
      0.5384615384615384,
      0.5384615384615384,
      0.6153846153846154,
      0.6153846153846154,
      0.6538461538461539,
      0.6538461538461539,
      0.6923076923076923,
      0.6923076923076923,
      0.7692307692307693,
      0.7692307692307693,
      0.8076923076923077,
      0.8076923076923077,
      0.8461538461538461,
      0.8461538461538461,
      0.8846153846153846,
      0.8846153846153846,
      0.9230769230769231,
      0.9230769230769231,
      0.9615384615384616,
      0.9615384615384616,
      1.0,
      1.0
    ],
    "auc": 0.8687
  }
}